attributes-report.md	7	1	设备属性上报
attributes-report.md	15	2	发现设备时上报设备属性
attributes-report.md	25	2	控制消息中上报设备属性
attributes-report.md	29	3	示例1
attributes-report.md	69	3	示例2
attributes-report.md	113	2	技能主动上报设备属性
attributes-report.md	119	3	主动上报请求消息
attributes-report.md	123	4	接口地址
attributes-report.md	129	4	请求方式
attributes-report.md	133	4	Head说明
attributes-report.md	139	4	参数信息
attributes-report.md	141	5	Header信息
attributes-report.md	148	5	Payload信息
attributes-report.md	158	4	请求示例
attributes-report.md	184	3	请求返回消息
attributes-report.md	188	4	参数说明
attributes-report.md	198	4	返回示例
attributes-report.md	211	3	ReportStateRequest消息
attributes-report.md	215	4	Header信息
attributes-report.md	222	4	Payload信息
attributes-report.md	232	4	应用举例
attributes-report.md	255	3	ReportStateResponse消息
attributes-report.md	259	4	Header信息
attributes-report.md	266	4	Payload信息
attributes-report.md	277	4	应用举例
attributes.md	7	1	设备属性
attributes.md	24	2	设备属性数据格式
attributes.md	43	3	参数描述
attributes.md	54	2	常见的设备属性
attributes.md	58	3	name属性
attributes.md	62	4	参数说明
attributes.md	73	4	消息示例
attributes.md	88	3	connectivity属性
attributes.md	92	4	参数说明
attributes.md	103	4	消息示例
attributes.md	118	3	brightness属性
attributes.md	122	4	参数使用说明
attributes.md	133	4	消息示例
attributes.md	146	3	powerState属性
attributes.md	150	4	参数说明
attributes.md	161	4	消息示例
attributes.md	174	3	powerLevel属性
attributes.md	178	4	参数说明
attributes.md	189	4	消息示例
attributes.md	202	3	temperature属性
attributes.md	206	4	参数说明
attributes.md	217	4	消息示例
attributes.md	230	3	mode属性
attributes.md	234	4	参数说明
attributes.md	245	4	消息示例
attributes.md	258	3	humidity属性
attributes.md	262	4	参数说明
attributes.md	273	4	消息示例
attributes.md	286	3	airQuality属性
attributes.md	290	4	参数说明
attributes.md	301	4	消息示例
attributes.md	314	3	pm2.5属性
attributes.md	318	4	参数说明
attributes.md	329	4	消息示例
attributes.md	342	3	co2属性
attributes.md	346	4	参数说明
attributes.md	357	4	消息示例
attributes.md	370	3	tovc属性
attributes.md	374	4	参数说明
attributes.md	385	4	消息示例
attributes.md	398	3	formaldehyde属性
attributes.md	402	4	参数说明
attributes.md	413	4	消息示例
attributes.md	426	3	percentage属性
attributes.md	430	4	参数说明
attributes.md	441	4	消息示例
attributes.md	454	3	color属性
attributes.md	458	4	参数说明
attributes.md	469	4	消息示例
attributes.md	486	3	colorTemperatureInKelvin属性
attributes.md	490	4	参数说明
attributes.md	501	4	消息示例
attributes.md	514	3	dateTime属性
attributes.md	518	4	参数说明
attributes.md	529	4	消息示例
attributes.md	542	3	turnOnState属性
attributes.md	546	4	参数说明
attributes.md	557	4	消息示例
attributes.md	570	3	pauseState属性
attributes.md	574	4	参数说明
attributes.md	585	4	消息示例
attributes.md	598	3	lockState属性
attributes.md	602	4	参数说明
attributes.md	613	4	消息示例
attributes.md	626	3	electricityCapacity属性
attributes.md	630	4	参数说明
attributes.md	641	4	消息示例
attributes.md	654	3	oilCapacity属性
attributes.md	658	4	参数说明
attributes.md	669	4	消息示例
attributes.md	682	3	drivingDistance属性
attributes.md	686	4	参数说明
attributes.md	697	4	消息示例
attributes.md	710	3	fanSpeed属性
attributes.md	714	4	参数说明
attributes.md	725	4	消息示例
attributes.md	738	3	speed属性
attributes.md	742	4	参数说明
attributes.md	753	4	消息示例
attributes.md	766	3	motionInfo属性
attributes.md	771	4	参数说明
attributes.md	782	4	消息示例
attributes.md	795	3	channel属性
attributes.md	799	4	参数说明
attributes.md	810	4	消息示例
attributes.md	823	3	muteState属性
attributes.md	827	4	参数说明
attributes.md	838	4	消息示例
attributes.md	851	3	volume属性
attributes.md	855	4	参数说明
attributes.md	866	4	消息示例
attributes.md	879	3	suction属性
attributes.md	883	4	参数说明
attributes.md	894	4	消息示例
attributes.md	907	3	waterLevel属性
attributes.md	911	4	参数说明
attributes.md	922	4	消息示例
attributes.md	935	3	location属性
attributes.md	939	4	参数说明
attributes.md	950	4	消息示例
attributes.md	963	3	workState属性
attributes.md	967	4	参数说明
attributes.md	978	4	消息示例
attributes.md	991	3	warmthLevel属性
attributes.md	995	4	参数说明
attributes.md	1006	4	消息示例
attributes.md	1019	2	属性状态上报
control-message.md	7	1	控制消息
control-message.md	136	2	打开关闭设备
control-message.md	140	3	TurnOnRequest
control-message.md	144	4	Header信息
control-message.md	151	4	Payload信息
control-message.md	160	4	应用举例
control-message.md	182	3	TurnOnConfirmation
control-message.md	186	4	Header信息
control-message.md	193	4	Payload信息
control-message.md	200	4	应用举例
control-message.md	235	3	TimingTurnOnRequest
control-message.md	239	4	Header信息
control-message.md	246	4	Payload信息
control-message.md	256	4	应用举例
control-message.md	281	3	TimingTurnOnConfirmation
control-message.md	285	4	Header信息
control-message.md	292	4	Payload信息
control-message.md	298	4	应用举例
control-message.md	325	3	TurnOffRequest
control-message.md	329	4	Header信息
control-message.md	336	4	Payload信息
control-message.md	345	4	应用举例
control-message.md	367	3	TurnOffConfirmation
control-message.md	371	4	Header信息
control-message.md	378	4	Payload信息
control-message.md	384	4	应用举例
control-message.md	411	3	TimingTurnOffRequest
control-message.md	415	4	Header信息
control-message.md	422	4	Payload信息
control-message.md	432	4	应用举例
control-message.md	457	3	TimingTurnOffConfirmation
control-message.md	461	4	Header信息
control-message.md	468	4	Payload信息
control-message.md	474	4	应用举例
control-message.md	501	3	PauseRequest
control-message.md	505	4	Header信息
control-message.md	512	4	Payload信息
control-message.md	521	4	应用举例
control-message.md	543	3	PauseConfirmation
control-message.md	547	4	Header信息
control-message.md	554	4	Payload信息
control-message.md	560	4	应用举例
control-message.md	587	3	ContinueRequest
control-message.md	591	4	Header信息
control-message.md	598	4	Payload信息
control-message.md	607	4	应用举例
control-message.md	629	3	ContinueConfirmation
control-message.md	633	4	Header信息
control-message.md	640	4	Payload信息
control-message.md	646	4	应用举例
control-message.md	673	3	StartUpRequest
control-message.md	677	4	Header信息
control-message.md	684	4	Payload信息
control-message.md	693	4	应用举例
control-message.md	715	3	StartUpConfirmation
control-message.md	719	4	Header信息
control-message.md	726	4	Payload信息
control-message.md	732	4	应用举例
control-message.md	750	2	可控灯光设备
control-message.md	754	3	SetBrightnessPercentageRequest
control-message.md	758	4	Header信息
control-message.md	765	4	Payload信息
control-message.md	776	4	应用举例
control-message.md	801	3	SetBrightnessPercentageConfirmation
control-message.md	805	4	Header信息
control-message.md	812	4	Payload信息
control-message.md	818	4	应用举例
control-message.md	845	3	IncrementBrightnessPercentageRequest
control-message.md	849	4	Header信息
control-message.md	856	4	Payload信息
control-message.md	867	4	应用举例
control-message.md	892	3	IncrementBrightnessPercentageConfirmation
control-message.md	896	4	Header信息
control-message.md	903	4	Payload信息
control-message.md	909	4	应用举例
control-message.md	936	3	DecrementBrightnessPercentageRequest
control-message.md	940	4	Header信息
control-message.md	947	4	Payload信息
control-message.md	958	4	应用举例
control-message.md	983	3	DecrementBrightnessPercentageConfirmation
control-message.md	987	4	Header信息
control-message.md	994	4	Payload信息
control-message.md	1000	4	应用举例
control-message.md	1027	3	SetColorRequest
control-message.md	1031	4	Header信息
control-message.md	1038	4	Payload信息
control-message.md	1051	4	应用举例
control-message.md	1078	3	SetColorConfirmation
control-message.md	1082	4	Header信息
control-message.md	1089	4	Payload信息
control-message.md	1095	4	应用举例
control-message.md	1126	3	IncrementColorTemperatureRequest
control-message.md	1151	4	Header信息
control-message.md	1158	4	Payload信息
control-message.md	1169	3	IncrementColorTemperatureConfirmation
control-message.md	1173	4	Header信息
control-message.md	1180	4	Payload信息
control-message.md	1186	4	应用举例
control-message.md	1213	3	DecrementColorTemperatureRequest
control-message.md	1238	4	Header信息
control-message.md	1245	4	Payload信息
control-message.md	1256	3	DecrementColorTemperatureConfirmation
control-message.md	1260	4	Header信息
control-message.md	1267	4	Payload信息
control-message.md	1273	4	应用举例
control-message.md	1300	3	SetColorTemperatureRequest
control-message.md	1323	4	Header信息
control-message.md	1330	4	Payload信息
control-message.md	1340	3	SetColorTemperatureConfirmation
control-message.md	1344	4	Header信息
control-message.md	1351	4	Payload信息
control-message.md	1357	4	应用举例
control-message.md	1384	2	可控温度设备
control-message.md	1388	3	IncrementTemperatureRequest
control-message.md	1392	4	Header信息
control-message.md	1399	4	Payload信息
control-message.md	1411	4	应用举例
control-message.md	1437	3	IncrementTemperatureConfirmation
control-message.md	1441	4	Header信息
control-message.md	1448	4	Payload信息
control-message.md	1454	4	应用举例
control-message.md	1497	3	DecrementTemperatureRequest
control-message.md	1501	4	Header信息
control-message.md	1508	4	Payload信息
control-message.md	1520	4	应用举例
control-message.md	1546	3	DecrementTemperatureConfirmation
control-message.md	1550	4	Header信息
control-message.md	1557	4	Payload信息
control-message.md	1563	4	应用举例
control-message.md	1606	3	SetTemperatureRequest
control-message.md	1610	4	Header信息
control-message.md	1617	4	Payload信息
control-message.md	1629	4	应用举例
control-message.md	1655	3	SetTemperatureConfirmation
control-message.md	1659	4	Header信息
control-message.md	1666	4	Payload信息
control-message.md	1672	4	应用举例
control-message.md	1715	2	可控风速设备
control-message.md	1719	3	IncrementFanSpeedRequest
control-message.md	1723	4	Header信息
control-message.md	1730	4	Payload信息
control-message.md	1743	4	应用举例
control-message.md	1768	3	IncrementFanSpeedConfirmation
control-message.md	1772	4	Header信息
control-message.md	1779	4	Payload信息
control-message.md	1785	4	应用举例
control-message.md	1820	3	DecrementFanSpeedRequest
control-message.md	1824	4	Header信息
control-message.md	1831	4	Payload信息
control-message.md	1842	4	应用举例
control-message.md	1867	3	DecrementFanSpeedConfirmation
control-message.md	1871	4	Header信息
control-message.md	1878	4	Payload信息
control-message.md	1884	4	应用举例
control-message.md	1919	3	SetFanSpeedRequest
control-message.md	1923	4	Header信息
control-message.md	1930	4	Payload信息
control-message.md	1942	4	应用举例
control-message.md	1990	3	SetFanSpeedConfirmation
control-message.md	1994	4	Header信息
control-message.md	2001	4	Payload信息
control-message.md	2007	4	应用举例
control-message.md	2042	2	可控速度设备
control-message.md	2046	3	IncrementSpeedRequest
control-message.md	2050	4	Header信息
control-message.md	2057	4	Payload信息
control-message.md	2070	4	应用举例
control-message.md	2095	3	IncrementSpeedConfirmation
control-message.md	2099	4	Header信息
control-message.md	2106	4	Payload信息
control-message.md	2112	4	应用举例
control-message.md	2139	3	DecrementSpeedRequest
control-message.md	2143	4	Header信息
control-message.md	2150	4	Payload信息
control-message.md	2161	4	应用举例
control-message.md	2186	3	DecrementSpeedConfirmation
control-message.md	2190	4	Header信息
control-message.md	2197	4	Payload信息
control-message.md	2203	4	应用举例
control-message.md	2230	3	SetSpeedRequest
control-message.md	2234	4	Header信息
control-message.md	2241	4	Payload信息
control-message.md	2253	4	应用举例
control-message.md	2301	3	SetSpeedConfirmation
control-message.md	2305	4	Header信息
control-message.md	2312	4	Payload信息
control-message.md	2318	4	应用举例
control-message.md	2345	2	设备模式设置
control-message.md	2347	3	SetModeRequest
control-message.md	2351	4	Header信息
control-message.md	2358	4	Payload信息
control-message.md	2369	4	应用举例
control-message.md	2394	3	SetModeConfirmation
control-message.md	2398	4	Header信息
control-message.md	2405	4	Payload信息
control-message.md	2411	4	应用举例
control-message.md	2438	3	UnsetModeRequest
control-message.md	2442	4	Header信息
control-message.md	2449	4	Payload信息
control-message.md	2460	4	应用举例
control-message.md	2485	3	UnsetModeConfirmation
control-message.md	2489	4	Header信息
control-message.md	2496	4	Payload信息
control-message.md	2502	4	应用举例
control-message.md	2529	3	TimingSetModeRequest
control-message.md	2533	4	Header信息
control-message.md	2540	4	Payload信息
control-message.md	2551	4	应用举例
control-message.md	2579	3	TimingSetModeConfirmation
control-message.md	2583	4	Header信息
control-message.md	2590	4	Payload信息
control-message.md	2596	4	应用举例
control-message.md	2623	3	设备类型与模式表
control-message.md	2650	2	电视频道设置
control-message.md	2652	3	IncrementTVChannelRequest
control-message.md	2656	4	Header信息
control-message.md	2663	4	Payload信息
control-message.md	2672	4	应用举例
control-message.md	2694	3	IncrementTVChannelConfirmation
control-message.md	2698	4	Header信息
control-message.md	2705	4	Payload信息
control-message.md	2711	4	应用举例
control-message.md	2729	3	DecrementTVChannelRequest
control-message.md	2733	4	Header信息
control-message.md	2740	4	Payload信息
control-message.md	2749	4	应用举例
control-message.md	2771	3	DecrementTVChannelConfirmation
control-message.md	2775	4	Header信息
control-message.md	2782	4	Payload信息
control-message.md	2788	4	应用举例
control-message.md	2806	3	ReturnTVChannelRequest
control-message.md	2810	4	Header信息
control-message.md	2817	4	Payload信息
control-message.md	2826	4	应用举例
control-message.md	2848	3	ReturnTVChannelConfirmation
control-message.md	2852	4	Header信息
control-message.md	2859	4	Payload信息
control-message.md	2865	4	应用举例
control-message.md	2883	3	SetTVChannelRequest
control-message.md	2887	4	Header信息
control-message.md	2894	4	Payload信息
control-message.md	2905	4	应用举例
control-message.md	2930	3	SetTVChannelConfirmation
control-message.md	2934	4	Header信息
control-message.md	2941	4	Payload信息
control-message.md	2947	4	应用举例
control-message.md	2965	2	可控音量设备
control-message.md	2967	3	IncrementVolumeRequest
control-message.md	2971	4	Header信息
control-message.md	2978	4	Payload信息
control-message.md	2989	4	应用举例
control-message.md	3014	3	IncrementVolumeConfirmation
control-message.md	3018	4	Header信息
control-message.md	3025	4	Payload信息
control-message.md	3031	4	应用举例
control-message.md	3058	3	DecrementVolumeRequest
control-message.md	3062	4	Header信息
control-message.md	3069	4	Payload信息
control-message.md	3080	4	应用举例
control-message.md	3105	3	DecrementVolumeConfirmation
control-message.md	3109	4	Header信息
control-message.md	3116	4	Payload信息
control-message.md	3122	4	应用举例
control-message.md	3149	3	SetVolumeRequest
control-message.md	3153	4	Header信息
control-message.md	3160	4	Payload信息
control-message.md	3171	4	应用举例
control-message.md	3196	3	SetVolumeConfirmation
control-message.md	3200	4	Header信息
control-message.md	3207	4	Payload信息
control-message.md	3213	4	应用举例
control-message.md	3240	3	SetVolumeMuteRequest
control-message.md	3244	4	Header信息
control-message.md	3251	4	Payload信息
control-message.md	3262	4	应用举例
control-message.md	3287	3	SetVolumeMuteConfirmation
control-message.md	3291	4	Header信息
control-message.md	3298	4	Payload信息
control-message.md	3304	4	应用举例
control-message.md	3331	2	可锁定设备
control-message.md	3333	3	SetLockStateRequest
control-message.md	3337	4	Header信息
control-message.md	3344	4	Payload信息
control-message.md	3354	4	应用举例
control-message.md	3377	3	SetLockStateConfirmation
control-message.md	3381	4	Header信息
control-message.md	3388	4	Payload信息
control-message.md	3396	4	应用举例
control-message.md	3423	2	打印设备
control-message.md	3425	3	SubmitPrintRequest
control-message.md	3429	4	Header信息
control-message.md	3436	4	Payload信息
control-message.md	3450	4	应用举例
control-message.md	3477	3	SubmitPrintConfirmation
control-message.md	3481	4	Header信息
control-message.md	3488	4	Payload信息
control-message.md	3494	4	应用举例
control-message.md	3498	4	Header信息
control-message.md	3514	3	SetSuctionRequest
control-message.md	3518	4	Header信息
control-message.md	3525	4	Payload信息
control-message.md	3536	4	应用举例
control-message.md	3561	3	SetSuctionConfirmation
control-message.md	3565	4	Header信息
control-message.md	3572	4	Payload信息
control-message.md	3578	4	应用举例
control-message.md	3596	3	SetWaterLevelRequest
control-message.md	3600	4	Header信息
control-message.md	3607	4	Payload信息
control-message.md	3618	4	应用举例
control-message.md	3643	3	SetWaterLevelConfirmation
control-message.md	3647	4	Header信息
control-message.md	3654	4	Payload信息
control-message.md	3660	4	应用举例
control-message.md	3687	3	ChargeRequest
control-message.md	3691	4	Header信息
control-message.md	3698	4	Payload信息
control-message.md	3707	4	应用举例
control-message.md	3729	3	ChargeConfirmation
control-message.md	3733	4	Header信息
control-message.md	3740	4	Payload信息
control-message.md	3746	4	应用举例
control-message.md	3773	3	DischargeRequest
control-message.md	3777	4	Header信息
control-message.md	3784	4	Payload信息
control-message.md	3793	4	应用举例
control-message.md	3815	3	DischargeConfirmation
control-message.md	3819	4	Header信息
control-message.md	3826	4	Payload信息
control-message.md	3832	4	应用举例
control-message.md	3859	3	SetDirectionRequest
control-message.md	3863	3	Header信息
control-message.md	3870	3	Payload信息
control-message.md	3882	4	应用举例
control-message.md	3908	3	SetDirectionConfirmation
control-message.md	3912	4	Header信息
control-message.md	3919	4	Payload信息
control-message.md	3925	4	应用举例
control-message.md	3943	3	SetCleaningLocationRequest
control-message.md	3947	3	Header信息
control-message.md	3954	3	Payload信息
control-message.md	3964	4	应用举例
control-message.md	3987	3	SetCleaningLocationConfirmation
control-message.md	3991	4	Header信息
control-message.md	3998	4	Payload信息
control-message.md	4004	4	应用举例
control-message.md	4022	3	SetComplexActionsRequest
control-message.md	4027	3	Header信息
control-message.md	4034	3	Payload信息
control-message.md	4043	4	应用举例
control-message.md	4065	3	SetComplexActionsConfirmation
control-message.md	4069	4	Header信息
control-message.md	4076	4	Payload信息
control-message.md	4082	4	应用举例
control-message.md	4100	3	IncrementHeightRequest
control-message.md	4104	4	Header信息
control-message.md	4111	4	Payload信息
control-message.md	4123	4	应用举例
control-message.md	4149	3	IncrementHeightConfirmation
control-message.md	4153	4	Header信息
control-message.md	4160	4	Payload信息
control-message.md	4166	4	应用举例
control-message.md	4184	3	DecrementHeightRequest
control-message.md	4188	4	Header信息
control-message.md	4195	4	Payload信息
control-message.md	4207	4	应用举例
control-message.md	4253	3	DecrementHeightConfirmation
control-message.md	4257	4	Header信息
control-message.md	4264	4	Payload信息
control-message.md	4270	4	应用举例
control-message.md	4288	3	SetTimerRequest
control-message.md	4292	4	Header信息
control-message.md	4299	4	Payload信息
control-message.md	4309	4	应用举例
control-message.md	4332	3	SetTimerConfirmation
control-message.md	4336	4	Header信息
control-message.md	4343	4	Payload信息
control-message.md	4349	4	应用举例
control-message.md	4367	3	TimingCancelRequest
control-message.md	4371	4	Header信息
control-message.md	4378	4	Payload信息
control-message.md	4387	4	应用举例
control-message.md	4409	3	TimingCancelConfirmation
control-message.md	4413	4	Header信息
control-message.md	4420	4	Payload信息
control-message.md	4426	4	应用举例
control-message.md	4444	3	ResetRequest
control-message.md	4448	4	Header信息
control-message.md	4455	4	Payload信息
control-message.md	4464	4	应用举例
control-message.md	4486	3	ResetConfirmation
control-message.md	4490	4	Header信息
control-message.md	4497	4	Payload信息
control-message.md	4503	4	应用举例
control-message.md	4521	2	可控楼层设备
control-message.md	4525	3	SetFloorRequest
control-message.md	4529	4	Header信息
control-message.md	4536	4	Payload信息
control-message.md	4547	4	应用举例
control-message.md	4572	3	SetFloorConfirmation
control-message.md	4576	4	Header信息
control-message.md	4583	4	Payload信息
control-message.md	4591	4	应用举例
control-message.md	4612	3	IncrementFloorRequest
control-message.md	4616	4	Header信息
control-message.md	4623	4	Payload信息
control-message.md	4634	4	应用举例
control-message.md	4659	3	IncrementFloorConfirmation
control-message.md	4663	4	Header信息
control-message.md	4670	4	Payload信息
control-message.md	4678	4	应用举例
control-message.md	4699	3	DecrementFloorRequest
control-message.md	4703	4	Header信息
control-message.md	4710	4	Payload信息
control-message.md	4721	4	应用举例
control-message.md	4746	3	DecrementFloorConfirmation
control-message.md	4750	4	Header信息
control-message.md	4757	4	Payload信息
control-message.md	4765	4	应用举例
control-message.md	4786	2	可控湿度类设备
control-message.md	4790	3	SetHumidityRequest
control-message.md	4794	4	Header信息
control-message.md	4801	4	Payload信息
control-message.md	4813	4	应用举例
control-message.md	4839	3	SetHumidityConfirmation
control-message.md	4843	4	Header信息
control-message.md	4850	4	Payload信息
control-message.md	4856	4	应用举例
control-message.md	4883	2	可控挡位类设备
control-message.md	4887	3	SetGearRequest
control-message.md	4891	4	Header信息
control-message.md	4898	4	Payload信息
control-message.md	4910	4	应用举例
control-message.md	4936	3	SetGearConfirmation
control-message.md	4940	4	Header信息
control-message.md	4947	4	Payload信息
control-message.md	4953	4	应用举例
control-message.md	4971	2	可控水流类设备
control-message.md	4975	3	SetFlowRequest
control-message.md	4979	4	Header信息
control-message.md	4986	4	Payload信息
control-message.md	4999	4	应用举例
control-message.md	5025	3	SetFlowConfirmation
control-message.md	5029	4	Header信息
control-message.md	5036	4	Payload信息
control-message.md	5042	4	应用举例
discovery-message.md	7	1	发现设备
discovery-message.md	11	2	DiscoverAppliancesRequest
discovery-message.md	15	3	Header信息
discovery-message.md	22	3	Payload信息
discovery-message.md	29	3	应用举例
discovery-message.md	54	2	DiscoverAppliancesResponse
discovery-message.md	58	3	Header信息
discovery-message.md	65	3	Payload信息
discovery-message.md	67	4	设备信息
discovery-message.md	89	5	设备操作类型
discovery-message.md	183	4	分组信息
discovery-message.md	199	3	应用举例
error-message.md	7	1	错误消息(Error Message)
error-message.md	43	2	用户故障类错误(User Faults)
error-message.md	47	3	ValueOutOfRangeError
error-message.md	51	4	Header信息
error-message.md	58	4	Payload信息
error-message.md	65	4	应用举例
error-message.md	84	3	TargetOfflineError
error-message.md	88	4	Header信息
error-message.md	95	4	Payload信息
error-message.md	99	4	应用举例
error-message.md	116	3	BridgeOfflineError
error-message.md	120	4	Header信息
error-message.md	127	4	Payload信息
error-message.md	131	4	应用举例
error-message.md	148	2	设备故障类错误信息
error-message.md	152	3	DriverInternalError
error-message.md	156	4	Header信息
error-message.md	163	4	Payload信息
error-message.md	167	4	应用举例
error-message.md	184	3	DependentServiceUnavailableError
error-message.md	188	4	Header信息
error-message.md	195	4	Payload信息
error-message.md	201	4	应用举例
error-message.md	219	3	TargetConnectivityUnstableError
error-message.md	223	4	Header信息
error-message.md	230	4	Payload信息
error-message.md	234	4	应用举例
error-message.md	251	3	TargetBridgeConnectivityUnstableError
error-message.md	255	4	Header信息
error-message.md	262	4	Payload信息
error-message.md	266	4	应用举例
error-message.md	283	3	TargetFirmwareOutdatedError
error-message.md	287	4	Header信息
error-message.md	294	4	Payload信息
error-message.md	301	4	应用举例
error-message.md	320	3	TargetBridgeFirmwareOutdatedError
error-message.md	324	4	Header信息
error-message.md	331	4	Payload信息
error-message.md	338	4	应用举例
error-message.md	357	3	TargetHardwareMalfunctionError
error-message.md	361	4	Header信息
error-message.md	368	4	Payload信息
error-message.md	372	4	应用举例
error-message.md	389	3	TargetBridgeHardwareMalfunctionError
error-message.md	393	4	Header信息
error-message.md	400	4	Payload信息
error-message.md	404	4	应用举例
error-message.md	421	3	UnableToGetValueError
error-message.md	425	4	Header信息
error-message.md	432	4	Payload信息
error-message.md	440	4	应用举例
error-message.md	461	3	UnableToSetValueError
error-message.md	465	4	Header信息
error-message.md	472	4	Payload信息
error-message.md	480	4	应用举例
error-message.md	501	3	UnwillingToSetValueError
error-message.md	505	4	Header信息
error-message.md	512	4	Payload信息
error-message.md	520	4	应用举例
error-message.md	541	3	RateLimitExceededError
error-message.md	545	4	Header信息
error-message.md	552	4	Payload信息
error-message.md	560	4	应用举例
error-message.md	581	3	NotSupportedInCurrentModeError
error-message.md	585	4	Header信息
error-message.md	592	4	Payload信息
error-message.md	599	4	应用举例
error-message.md	619	2	其他故障
error-message.md	621	3	ExpiredAccessTokenError
error-message.md	625	4	Header信息
error-message.md	632	4	Payload信息
error-message.md	636	4	应用举例
error-message.md	653	3	InvalidAccessTokenError
error-message.md	657	4	Header信息
error-message.md	664	4	Payload信息
error-message.md	668	4	应用举例
error-message.md	685	3	UnsupportedTargetError
error-message.md	689	4	Header信息
error-message.md	696	4	Payload信息
error-message.md	700	4	应用举例
error-message.md	717	3	UnsupportedOperationError
error-message.md	721	4	Header信息
error-message.md	728	4	Payload信息
error-message.md	732	4	应用举例
error-message.md	749	3	UnsupportedTargetSettingError
error-message.md	753	4	Header信息
error-message.md	760	4	Payload信息
error-message.md	764	4	应用举例
error-message.md	781	3	UnexpectedInformationReceivedError
error-message.md	785	4	Header信息
error-message.md	792	4	Payload信息
error-message.md	798	4	应用举例
intro-protocol.md	7	1	智能家居协议
intro-protocol.md	9	2	简介
intro-protocol.md	13	2	认证
intro-protocol.md	19	2	协议
intro-protocol.md	23	3	Header信息
intro-protocol.md	27	4	消息格式
intro-protocol.md	40	4	属性说明
intro-protocol.md	51	3	Payload信息
iov-message.md	7	1	车载设备控制协议
iov-message.md	49	2	发现设备
iov-message.md	53	3	DiscoverAppliancesRequest
iov-message.md	57	4	Header信息
iov-message.md	64	4	Payload信息
iov-message.md	71	4	应用举例
iov-message.md	90	2	DiscoverAppliancesResponse
iov-message.md	94	3	Header信息
iov-message.md	101	3	Payload信息
iov-message.md	103	4	设备信息
iov-message.md	125	4	分组信息
iov-message.md	142	3	应用举例
iov-message.md	335	2	控制消息
iov-message.md	339	3	打开关闭消息
iov-message.md	343	4	TurnOnRequest
iov-message.md	347	5	Header信息
iov-message.md	354	5	Payload信息
iov-message.md	364	5	应用举例
iov-message.md	387	4	TurnOnConfirmation
iov-message.md	391	5	Header信息
iov-message.md	398	5	Payload信息
iov-message.md	406	5	应用举例
iov-message.md	424	4	TurnOffRequest
iov-message.md	428	5	Header信息
iov-message.md	435	5	Payload信息
iov-message.md	445	5	应用举例
iov-message.md	468	4	TurnOffConfirmation
iov-message.md	472	5	Header信息
iov-message.md	479	5	Payload信息
iov-message.md	485	5	应用举例
iov-message.md	503	3	控制温度消息
iov-message.md	507	4	IncrementTemperatureRequest
iov-message.md	511	5	Header信息
iov-message.md	518	5	Payload信息
iov-message.md	531	5	应用举例
iov-message.md	558	4	IncrementTemperatureConfirmation
iov-message.md	562	5	Header信息
iov-message.md	569	5	Payload信息
iov-message.md	580	5	应用举例
iov-message.md	612	4	DecrementTemperatureRequest
iov-message.md	616	5	Header信息
iov-message.md	623	5	Payload信息
iov-message.md	636	5	应用举例
iov-message.md	663	4	DecrementTemperatureConfirmation
iov-message.md	667	5	Header信息
iov-message.md	674	5	Payload信息
iov-message.md	685	5	应用举例
iov-message.md	717	4	SetTemperatureRequest
iov-message.md	721	5	Header信息
iov-message.md	728	5	Payload信息
iov-message.md	741	5	应用举例
iov-message.md	768	4	SetTemperatureConfirmation
iov-message.md	772	5	Header信息
iov-message.md	779	5	Payload信息
iov-message.md	790	5	应用举例
iov-message.md	822	4	HeatRequest
iov-message.md	826	5	Header信息
iov-message.md	833	5	Payload信息
iov-message.md	843	5	应用举例
iov-message.md	866	4	HeatConfirmation
iov-message.md	870	5	Header信息
iov-message.md	877	5	Payload信息
iov-message.md	883	5	应用举例
iov-message.md	901	4	CancelHeatRequest
iov-message.md	905	5	Header信息
iov-message.md	912	5	Payload信息
iov-message.md	922	5	应用举例
iov-message.md	945	4	CancelHeatConfirmation
iov-message.md	949	5	Header信息
iov-message.md	956	5	Payload信息
iov-message.md	962	5	应用举例
iov-message.md	980	3	控制电量消息
iov-message.md	984	4	ChargeRequest
iov-message.md	988	5	Header信息
iov-message.md	995	5	Payload信息
iov-message.md	1005	5	应用举例
iov-message.md	1028	4	ChargeConfirmation
iov-message.md	1032	5	Header信息
iov-message.md	1039	5	Payload信息
iov-message.md	1045	5	应用举例
iov-message.md	1063	4	DischargeRequest
iov-message.md	1067	5	Header信息
iov-message.md	1074	5	Payload信息
iov-message.md	1084	5	应用举例
iov-message.md	1107	4	DischargeConfirmation
iov-message.md	1111	5	Header信息
iov-message.md	1118	5	Payload信息
iov-message.md	1124	5	应用举例
iov-message.md	1142	2	查询消息
iov-message.md	1146	3	GetTurnOnStateRequest
iov-message.md	1150	4	Header信息
iov-message.md	1157	4	Payload信息
iov-message.md	1167	4	应用举例
iov-message.md	1190	3	GetTurnOnStateResponse
iov-message.md	1194	4	Header信息
iov-message.md	1201	4	Payload信息
iov-message.md	1209	4	应用举例
iov-message.md	1230	3	GetTemperatureReadingRequest
iov-message.md	1234	4	Header信息
iov-message.md	1241	4	Payload信息
iov-message.md	1251	4	应用举例
iov-message.md	1274	3	GetTemperatureReadingResponse
iov-message.md	1278	4	Header信息
iov-message.md	1285	4	Payload信息
iov-message.md	1295	4	应用举例
iov-message.md	1317	3	GetTargetTemperatureRequest
iov-message.md	1321	4	Header信息
iov-message.md	1328	4	Payload信息
iov-message.md	1338	4	应用举例
iov-message.md	1361	3	GetTargetTemperatureResponse
iov-message.md	1365	4	Header信息
iov-message.md	1372	4	Payload信息
iov-message.md	1391	4	应用举例
iov-message.md	1417	3	GetOilCapacityRequest
iov-message.md	1421	4	Header信息
iov-message.md	1428	4	Payload信息
iov-message.md	1438	4	应用举例
iov-message.md	1461	3	GetOilCapacityResponse
iov-message.md	1465	4	Header信息
iov-message.md	1472	4	Payload信息
iov-message.md	1484	4	应用举例
iov-message.md	1510	3	GetElectricityCapacityRequest
iov-message.md	1514	4	Header信息
iov-message.md	1521	4	Payload信息
iov-message.md	1531	4	应用举例
iov-message.md	1554	3	GetElectricityCapacityResponse
iov-message.md	1558	4	Header信息
iov-message.md	1565	4	Payload信息
iov-message.md	1577	4	应用举例
iov-message.md	1603	2	错误消息
notification-message.md	7	1	通知消息
notification-message.md	9	2	设备信息同步消息
notification-message.md	13	3	请求消息说明
notification-message.md	17	4	接口地址
notification-message.md	23	4	请求方式
notification-message.md	27	4	参数说明
notification-message.md	35	4	Head说明
notification-message.md	41	4	请求示例
notification-message.md	54	3	返回说明
notification-message.md	58	4	参数说明
notification-message.md	69	4	返回示例
notification-message.md	85	2	技能解绑消息通知
notification-message.md	89	3	UnbindBotRequest
notification-message.md	93	4	Header信息
notification-message.md	100	4	Payload信息
notification-message.md	106	4	应用举例
notification-message.md	124	3	UnbindBotResponse
notification-message.md	128	4	Header信息
notification-message.md	135	4	Payload信息
notification-message.md	139	4	应用举例
query-message.md	7	1	查询消息(Query Message)
query-message.md	59	2	查询空气质量
query-message.md	61	3	GetAirQualityIndexRequest
query-message.md	65	4	Header信息
query-message.md	72	4	Payload信息
query-message.md	81	4	应用举例
query-message.md	103	3	GetAirQualityIndexResponse
query-message.md	107	4	Header信息
query-message.md	114	4	Payload信息
query-message.md	121	4	应用举例
query-message.md	144	3	GetAirPM25Request
query-message.md	148	4	Header信息
query-message.md	155	4	Payload信息
query-message.md	164	4	应用举例
query-message.md	186	3	GetAirPM25Response
query-message.md	190	4	Header信息
query-message.md	197	4	Payload信息
query-message.md	205	4	应用举例
query-message.md	226	3	GetAirPM10Request
query-message.md	230	4	Header信息
query-message.md	237	4	Payload信息
query-message.md	246	4	应用举例
query-message.md	268	3	GetAirPM10Response
query-message.md	272	4	Header信息
query-message.md	279	4	Payload信息
query-message.md	287	4	应用举例
query-message.md	308	3	GetCO2QuantityRequest
query-message.md	312	4	Header信息
query-message.md	319	4	Payload信息
query-message.md	328	4	应用举例
query-message.md	350	3	GetCO2QuantityResponse
query-message.md	354	4	Header信息
query-message.md	361	4	Payload信息
query-message.md	368	4	应用举例
query-message.md	388	3	GetHumidityRequest
query-message.md	392	4	Header信息
query-message.md	399	4	Payload信息
query-message.md	408	4	应用举例
query-message.md	430	3	GetHumidityResponse
query-message.md	434	4	Header信息
query-message.md	441	4	Payload信息
query-message.md	449	4	应用举例
query-message.md	474	3	GetTargetHumidityRequest
query-message.md	478	4	Header信息
query-message.md	485	4	Payload信息
query-message.md	494	4	应用举例
query-message.md	516	3	GetTargetHumidityResponse
query-message.md	520	4	Header信息
query-message.md	527	4	Payload信息
query-message.md	535	4	应用举例
query-message.md	560	2	查询设备温度
query-message.md	562	3	GetTemperatureReadingRequest
query-message.md	566	4	Header信息
query-message.md	573	4	Payload信息
query-message.md	583	4	应用举例
query-message.md	626	3	GetTemperatureReadingResponse
query-message.md	630	4	Header信息
query-message.md	637	4	Payload信息
query-message.md	648	4	应用举例
query-message.md	691	3	GetTargetTemperatureRequest
query-message.md	695	4	Header信息
query-message.md	702	4	Payload信息
query-message.md	712	4	应用举例
query-message.md	755	3	GetTargetTemperatureResponse
query-message.md	759	4	Header信息
query-message.md	766	4	Payload信息
query-message.md	786	4	应用举例
query-message.md	837	2	查询设备运行参数
query-message.md	839	3	GetRunningTimeRequest
query-message.md	843	4	Header信息
query-message.md	850	4	Payload信息
query-message.md	859	4	应用举例
query-message.md	881	3	GetRunningTimeResponse
query-message.md	885	4	Header信息
query-message.md	892	4	Payload信息
query-message.md	899	4	应用举例
query-message.md	919	3	GetTimeLeftRequest
query-message.md	923	4	Header信息
query-message.md	930	4	Payload信息
query-message.md	939	4	应用举例
query-message.md	961	3	GetTimeLeftResponse
query-message.md	965	4	Header信息
query-message.md	972	4	Payload信息
query-message.md	979	4	应用举例
query-message.md	999	3	GetRunningStatusRequest
query-message.md	1003	4	Header信息
query-message.md	1010	4	Payload信息
query-message.md	1019	4	应用举例
query-message.md	1041	3	GetRunningStatusResponse
query-message.md	1045	4	Header信息
query-message.md	1052	4	Payload信息
query-message.md	1059	4	应用举例
query-message.md	1079	3	GetStateRequest
query-message.md	1083	4	Header信息
query-message.md	1090	4	Payload信息
query-message.md	1099	4	应用举例
query-message.md	1121	3	GetStateResponse
query-message.md	1125	4	Header信息
query-message.md	1132	4	Payload信息
query-message.md	1143	4	应用举例
query-message.md	1167	3	GetLocationRequest
query-message.md	1171	4	Header信息
query-message.md	1178	4	Payload信息
query-message.md	1187	4	应用举例
query-message.md	1209	3	GetLocationResponse
query-message.md	1213	4	Header信息
query-message.md	1220	4	Payload信息
query-message.md	1231	4	应用举例
query-message.md	1255	3	GetElectricityCapacityRequest
query-message.md	1259	4	Header信息
query-message.md	1266	4	Payload信息
query-message.md	1275	4	应用举例
query-message.md	1297	3	GetElectricityCapacityResponse
query-message.md	1301	4	Header信息
query-message.md	1308	4	Payload信息
query-message.md	1319	4	应用举例
query-message.md	1345	3	GetWaterQualityRequest
query-message.md	1349	4	Header信息
query-message.md	1356	4	Payload信息
query-message.md	1365	4	应用举例
query-message.md	1387	3	GetWaterQualityResponse
query-message.md	1391	4	Header信息
query-message.md	1398	4	Payload信息
query-message.md	1406	4	应用举例
query-message.md	1427	3	GetFanSpeedRequest
query-message.md	1431	4	Header信息
query-message.md	1438	4	Payload信息
query-message.md	1447	4	应用举例
query-message.md	1469	3	GetFanSpeedResponse
query-message.md	1473	4	Header信息
query-message.md	1480	4	Payload信息
query-message.md	1494	4	应用举例
query-message.md	1542	2	查询速度
query-message.md	1544	3	GetSpeedRequest
query-message.md	1548	4	Header信息
query-message.md	1555	4	Payload信息
query-message.md	1566	4	应用举例
query-message.md	1591	3	GetSpeedResponse
query-message.md	1595	4	Header信息
query-message.md	1602	4	Payload信息
query-message.md	1616	4	应用举例
query-message.md	1664	2	查询运动信息
query-message.md	1666	3	GetMotionInfoRequest
query-message.md	1671	4	Header信息
query-message.md	1678	4	Payload信息
query-message.md	1691	4	应用举例
query-message.md	1718	3	GetMotionInfoResponse
query-message.md	1722	4	Header信息
query-message.md	1729	4	Payload信息
query-message.md	1743	4	应用举例
query-message.md	1768	2	查询开关状态
query-message.md	1770	3	GetTurnOnStateRequest
query-message.md	1774	4	Header信息
query-message.md	1781	4	Payload信息
query-message.md	1790	4	应用举例
query-message.md	1812	3	GetTurnOnStateResponse
query-message.md	1816	4	Header信息
query-message.md	1823	4	Payload信息
query-message.md	1834	4	应用举例
sweeping-rebot-message.md	7	1	扫地机器人控制协议
sweeping-rebot-message.md	30	2	发现设备
sweeping-rebot-message.md	35	3	应用举例
sweeping-rebot-message.md	145	2	控制设备
sweeping-rebot-message.md	162	2	查询设备
sweeping-rebot-message.md	170	2	属性上报
sweeping-rebot-message.md	174	2	异常消息
